Name on your spreadsheet,Name already in the tool,Same or different?,Notes
SealBoss 1570 PU Injection Grout 5 gal- flexibile  ( 18.9 L),SealBoss 1570 PU Injection Grout 5 gal ( 18.9 L),,
SealBoss 1510 PU Injection Grout 5 gal ( 18.9 L),SealBoss 1570 PU Injection Grout 5 gal ( 18.9 L),,
Micro pro sleeve 14 inx15,Micro pro sleeve 14 in x 15 mm,,
Microfibre roller sleeves 18”,Microfiber roller sleeves 18 in,,
"""4 brush",Paint Brushes,,
Pelican Liner (4pack),pelican pail liner 3 pck,,
Sherlock Pro Cage frame 14-18”,Sherlock pro cage frame 14-18 in,,
North Cartridge organic vapour ( gasses),north cartridge organic vaour ( 2 pck),,
Alsan Flashing/LM Barr Polyfleece 6inx100ft,"Sopra aslan polyfleece ( 6""X 100 ft",,
Soprema Colphene BSW V (3.28' x32.8'),Soprema Colphen BSV W (3.28' x32.8'),,
Soprema 10-G drainmat (6*50),Soprema G10 drainmat (6*50),,
Fender Washer Plated 1/4 by 1x 1/4 (sacrifical blind wall),Fender Washer Plated 1/4 by 1x 1/4,,
26 Gauge flashing 8 ft,26 Gauge flashing 8 Ft Charcoal,,
Hydrochloric Acid 31.45 %  4L,muratic acid 31.45 %  4l,,
naturaflow 7000 drainmat  7.48 x 50 ',naturaflow drainmat  7.48 x 50 ',,
UCAN  .27 CAL yellow shot  for pins and washers ( 100 EACH),UCAN Shot for pins and washers,,
Xypex Patch 'N Plug 50 lb,Xypex patch  and plug- 50 lb,,
TREMproof 260 52 gallon,TREMPROOF 260 5 gallon pail,,
"Tremco BG Grip Tape 6""x75' (8 Rolls per case)","Tremco BG Grip Tape 6""x75' (8 Roll)",,
Tremco Puma Top cat,Tremco Puma TC,,
Tremco PUMA base coat  - 6 GALmb,Tremco PUMA WC - 6 GALmb,,
VULKEM 350-Roller Grade 5 GAL,VULKEM 350-R 5 GAL,,
Vulkem 360 NF GREY Self Leveling  5 GAL,Vulkem 360 NF GREY SL 5 GAL,,
Vulkem 950 NF GREY Self Leveling 15.9 lt/Kit c/w part B,Vulkem 950 NF GREY SL 15.9 lt/Kit c/w part B,,
